{
  "Austria": [
    {
      "boundingbox": [
        "47.0118864",
        "47.1345",
        "15.3497141",
        "15.5342006"
      ],
      "lat": "47.0702563",
      "lon": "15.4385716",
      "display_name": "Graz, Styria, Austria",
      "type": "city",
      "address": {
        "city": "Graz",
        "county": "Graz",
        "state": "Styria",
        "country": "Austria",
        "country_code": "at"
      }
    },
    {
      "boundingbox": [
        "47.2107727",
        "47.3601261",
        "11.3016374",
        "11.4559615"
      ],
      "lat": "47.2654296",
      "lon": "11.3927685",
      "display_name": "Innsbruck, Innsbruck-Stadt, Tyrol, Austria",
      "type": "city",
      "address": {
        "city": "Innsbruck",
        "county": "Innsbruck-Stadt",
        "state": "Tyrol",
        "country": "Austria",
        "country_code": "at"
      }
    },
    {
      "boundingbox": [
        "48.1459078",
        "48.4659078",
        "14.126198",
        "14.446198"
      ],
      "lat": "48.3059078",
      "lon": "14.286198",
      "display_name": "Linz, Linz (Stadt), Upper Austria, Austria",
      "type": "city",
      "address": {
        "city": "Linz",
        "county": "Linz (Stadt)",
        "state": "Upper Austria",
        "country": "Austria",
        "country_code": "at"
      }
    },
    {
      "boundingbox": [
        "47.7512153",
        "47.8543955",
        "12.9856256",
        "13.1272819"
      ],
      "lat": "47.7981346",
      "lon": "13.0464806",
      "display_name": "Salzburg, Salzburg (state), 5020, Austria",
      "type": "city",
      "address": {
        "city": "Salzburg",
        "county": "Salzburg",
        "state": "Salzburg (state)",
        "postcode": "5020",
        "country": "Austria",
        "country_code": "at"
      }
    },
    {
      "boundingbox": [
        "48.0483537",
        "48.3683537",
        "16.2125042",
        "16.5325042"
      ],
      "lat": "48.2083537",
      "lon": "16.3725042",
      "display_name": "Vienna, Austria",
      "type": "city",
      "address": {
        "city": "Vienna",
        "state": "Vienna",
        "country": "Austria",
        "country_code": "at"
      }
    }
  ],
  "Bulgaria": [
    {
      "boundingbox": [
        "42.330758",
        "42.713597",
        "27.210302",
        "27.5690817"
      ],
      "lat": "42.4942274",
      "lon": "27.4550161",
      "display_name": "Burgas, Burgas Province, Bulgaria",
      "type": "city",
      "address": {
        "city": "Burgas",
        "county": "Burgas Province",
        "country": "Bulgaria",
        "country_code": "bg"
      }
    },
    {
      "boundingbox": [
        "43.203017",
        "43.564409",
        "24.38879",
        "24.95656"
      ],
      "lat": "43.4088034",
      "lon": "24.6181",
      "display_name": "Pleven, Pleven Region, Bulgaria",
      "type": "city",
      "address": {
        "city": "Pleven",
        "county": "Pleven Region",
        "country": "Bulgaria",
        "country_code": "bg"
      }
    },
    {
      "boundingbox": [
        "42.089608",
        "42.199013",
        "24.649072",
        "24.8436713"
      ],
      "lat": "42.1419118",
      "lon": "24.7498385",
      "display_name": "Plovdiv, Plovdiv Region, Bulgaria",
      "type": "city",
      "address": {
        "city": "Plovdiv",
        "county": "Plovdiv Region",
        "country": "Bulgaria",
        "country_code": "bg"
      }
    },
    {
      "boundingbox": [
        "43.7798886",
        "43.8902435",
        "25.9135572",
        "26.0672878"
      ],
      "lat": "43.8480413",
      "lon": "25.9542057",
      "display_name": "Ruse, Ruse Region, Bulgaria",
      "type": "city",
      "address": {
        "city": "Ruse",
        "county": "Ruse Region",
        "country": "Bulgaria",
        "country_code": "bg"
      }
    },
    {
      "boundingbox": [
        "42.5377211",
        "42.8577211",
        "23.1625964",
        "23.4825964"
      ],
      "lat": "42.6977211",
      "lon": "23.3225964",
      "display_name": "Sofia, Sofia-City Region, 1000, Bulgaria",
      "type": "city",
      "address": {
        "city": "Sofia",
        "county": "Sofia-City Region",
        "postcode": "1000",
        "country": "Bulgaria",
        "country_code": "bg"
      }
    },
    {
      "boundingbox": [
        "42.179863",
        "42.5613625",
        "25.2787255",
        "25.914989"
      ],
      "lat": "42.4247421",
      "lon": "25.6257235",
      "display_name": "Stara Zagora, Stara Zagora Region, Bulgaria",
      "type": "city",
      "address": {
        "city": "Stara Zagora",
        "county": "Stara Zagora Region",
        "country": "Bulgaria",
        "country_code": "bg"
      }
    },
    {
      "boundingbox": [
        "43.0566104",
        "43.3766104",
        "27.7417131",
        "28.0617131"
      ],
      "lat": "43.2166104",
      "lon": "27.9017131",
      "display_name": "Varna, Varna Region, 9000, Bulgaria",
      "type": "city",
      "address": {
        "city": "Varna",
        "county": "Varna Region",
        "postcode": "9000",
        "country": "Bulgaria",
        "country_code": "bg"
      }
    }
  ],
  "Czech Republic": [
    {
      "boundingbox": [
        "49.1098796",
        "49.2943708",
        "16.4279898",
        "16.7278346"
      ],
      "lat": "49.1922443",
      "lon": "16.6113382",
      "display_name": "Brno, okres Brno-město, Jihomoravský kraj, Southeast, Czech Republic",
      "type": "city",
      "address": {
        "city": "Brno",
        "county": "okres Brno-město",
        "state": "Southeast",
        "country": "Czech Republic",
        "country_code": "cz"
      }
    },
    {
      "boundingbox": [
        "48.9334343",
        "49.0198566",
        "14.3869152",
        "14.5951911"
      ],
      "lat": "48.9747357",
      "lon": "14.474285",
      "display_name": "Budweis, okres České Budějovice, Jihočeský kraj, Southwest, Czech Republic",
      "type": "city",
      "address": {
        "city": "Budweis",
        "county": "okres České Budějovice",
        "state": "Southwest",
        "country": "Czech Republic",
        "country_code": "cz"
      }
    },
    {
      "boundingbox": [
        "50.1669377",
        "50.266775",
        "12.784855",
        "12.9439763"
      ],
      "lat": "50.2304694",
      "lon": "12.8710769",
      "display_name": "Carlsbad, okres Karlovy Vary, Karlovarský kraj, Northwest, Czech Republic",
      "type": "city",
      "address": {
        "city": "Carlsbad",
        "county": "okres Karlovy Vary",
        "state": "Northwest",
        "country": "Czech Republic",
        "country_code": "cz"
      }
    },
    {
      "boundingbox": [
        "50.1599871",
        "50.2673626",
        "15.7467677",
        "15.9350339"
      ],
      "lat": "50.2094963",
      "lon": "15.832719",
      "display_name": "Hradec Králové, okres Hradec Králové, Královéhradecký kraj, Northeast, Czech Republic",
      "type": "city",
      "address": {
        "city": "Hradec Králové",
        "county": "okres Hradec Králové",
        "state": "Northeast",
        "country": "Czech Republic",
        "country_code": "cz"
      }
    },
    {
      "boundingbox": [
        "49.3339378",
        "49.4759228",
        "15.4983126",
        "15.6623498"
      ],
      "lat": "49.396064",
      "lon": "15.5903065",
      "display_name": "Jihlava, okres Jihlava, Kraj Vysočina, Southeast, Czech Republic",
      "type": "city",
      "address": {
        "city": "Jihlava",
        "county": "okres Jihlava",
        "state": "Southeast",
        "country": "Czech Republic",
        "country_code": "cz"
      }
    },
    {
      "boundingbox": [
        "50.7079791",
        "50.8243417",
        "14.9529697",
        "15.1468816"
      ],
      "lat": "50.7702648",
      "lon": "15.0583947",
      "display_name": "Liberec, okres Liberec, Liberecký kraj, Northeast, Czech Republic",
      "type": "city",
      "address": {
        "city": "Liberec",
        "county": "okres Liberec",
        "state": "Northeast",
        "country": "Czech Republic",
        "country_code": "cz"
      }
    },
    {
      "boundingbox": [
        "49.5346988",
        "49.6619655",
        "17.1621222",
        "17.396068"
      ],
      "lat": "49.5940567",
      "lon": "17.251143",
      "display_name": "Olomouc, okres Olomouc, Olomouc Region, Central Moravia, Czech Republic",
      "type": "city",
      "address": {
        "city": "Olomouc",
        "county": "okres Olomouc",
        "state": "Central Moravia",
        "country": "Czech Republic",
        "country_code": "cz"
      }
    },
    {
      "boundingbox": [
        "49.7257571",
        "49.9137759",
        "18.098411",
        "18.3763003"
      ],
      "lat": "49.8349139",
      "lon": "18.2820084",
      "display_name": "Ostrava, okres Ostrava-město, Moravskoslezský kraj, Moravia-Silesia, Czech Republic",
      "type": "city",
      "address": {
        "city": "Ostrava",
        "county": "okres Ostrava-město",
        "state": "Moravia-Silesia",
        "country": "Czech Republic",
        "country_code": "cz"
      }
    },
    {
      "boundingbox": [
        "49.9924553",
        "50.0774041",
        "15.6249984",
        "15.8917673"
      ],
      "lat": "50.0410187",
      "lon": "15.7765409",
      "display_name": "Pardubice, okres Pardubice, Pardubický kraj, Northeast, Czech Republic",
      "type": "city",
      "address": {
        "city": "Pardubice",
        "county": "okres Pardubice",
        "state": "Northeast",
        "country": "Czech Republic",
        "country_code": "cz"
      }
    },
    {
      "boundingbox": [
        "49.1642532",
        "49.2997873",
        "17.55981",
        "17.7866203"
      ],
      "lat": "49.226766",
      "lon": "17.6667415",
      "display_name": "Zlín, okres Zlín, Zlínský kraj, Central Moravia, Czech Republic",
      "type": "city",
      "address": {
        "city": "Zlín",
        "county": "okres Zlín",
        "state": "Central Moravia",
        "country": "Czech Republic",
        "country_code": "cz"
      }
    },
    {
      "boundingbox": [
        "50.5805554",
        "50.7217996",
        "13.9415599",
        "14.1410494"
      ],
      "lat": "50.6684322",
      "lon": "14.0408798",
      "display_name": "Ústí nad Labem, okres Ústí nad Labem, Ústecký kraj, Northwest, Czech Republic",
      "type": "city",
      "address": {
        "city": "Ústí nad Labem",
        "county": "okres Ústí nad Labem",
        "state": "Northwest",
        "country": "Czech Republic",
        "country_code": "cz"
      }
    }
  ],
  "Germany": [
    {
      "boundingbox": [
        "48.2581444",
        "48.4586541",
        "10.7633615",
        "10.9595189"
      ],
      "lat": "48.3668041",
      "lon": "10.8986971",
      "display_name": "Augsburg, Swabia, Free State of Bavaria, Germany",
      "type": "city",
      "address": {
        "city": "Augsburg",
        "county": "Augsburg",
        "state_district": "Swabia",
        "state": "Free State of Bavaria",
        "country": "Germany",
        "country_code": "de"
      }
    },
    {
      "boundingbox": [
        "48.8595333",
        "49.1795333",
        "11.9374869",
        "12.2574869"
      ],
      "lat": "49.0195333",
      "lon": "12.0974869",
      "display_name": "Regensburg, Regensburg, Upper Palatinate, Free State of Bavaria, Germany",
      "type": "city",
      "address": {
        "city": "Regensburg",
        "county": "Regensburg",
        "state_district": "Upper Palatinate",
        "state": "Free State of Bavaria",
        "country": "Germany",
        "country_code": "de"
      }
    },
    {
      "boundingbox": [
        "48.6184485",
        "48.9384485",
        "9.0200132",
        "9.3400132"
      ],
      "lat": "48.7784485",
      "lon": "9.1800132",
      "display_name": "Stuttgart, Regierungsbezirk Stuttgart, Baden-Württemberg, Germany",
      "type": "city",
      "address": {
        "city": "Stuttgart",
        "county": "Stuttgart",
        "state_district": "Regierungsbezirk Stuttgart",
        "state": "Baden-Württemberg",
        "country": "Germany",
        "country_code": "de"
      }
    },
    {
      "boundingbox": [
        "48.0616017",
        "48.2482197",
        "11.3607802",
        "11.7228777"
      ],
      "lat": "48.1371079",
      "lon": "11.5753822",
      "display_name": "Munich, Upper Bavaria, Free State of Bavaria, Germany",
      "type": "city",
      "address": {
        "city": "Munich",
        "county": "Munich",
        "state_district": "Upper Bavaria",
        "state": "Free State of Bavaria",
        "country": "Germany",
        "country_code": "de"
      }
    },
    {
      "boundingbox": [
        "51.1325383",
        "51.1725383",
        "7.2731076",
        "7.3131076"
      ],
      "lat": "51.1525383",
      "lon": "7.2931076",
      "display_name": "Karlsruhe, Remscheid, Regierungsbezirk Düsseldorf, North Rhine-Westphalia, Germany",
      "type": "hamlet",
      "address": {
        "city": "Karlsruhe",
        "county": "Remscheid",
        "state_district": "Regierungsbezirk Düsseldorf",
        "state": "North Rhine-Westphalia",
        "country": "Germany",
        "country_code": "de"
      }
    }
  ],
  "Hungary": [
    {
      "boundingbox": [
        "47.3496899",
        "47.6131468",
        "18.926166",
        "19.3349258"
      ],
      "lat": "47.4983815",
      "lon": "19.0404707",
      "display_name": "Budapest, Central Hungary, Közép-Magyarország, Hungary",
      "type": "city",
      "address": {
        "city": "Budapest",
        "region": "Közép-Magyarország",
        "country": "Hungary",
        "country_code": "hu"
      }
    },
    {
      "boundingbox": [
        "47.4250466",
        "47.6369818",
        "21.4365308",
        "21.8833085"
      ],
      "lat": "47.531399",
      "lon": "21.6259782",
      "display_name": "Debrecen, Debreceni járás, Hajdú-Bihar, Northern Great Plain, Great Plain and North, Hungary",
      "type": "city",
      "address": {
        "city": "Debrecen",
        "county": "Hajdú-Bihar",
        "region": "Great Plain and North",
        "country": "Hungary",
        "country_code": "hu"
      }
    },
    {
      "boundingbox": [
        "47.5915535",
        "47.7478298",
        "17.5098749",
        "17.8081732"
      ],
      "lat": "47.687609",
      "lon": "17.6346815",
      "display_name": "Győr, Győri járás, Győr-Moson-Sopron, Western Transdanubia, Transdanubia, Hungary",
      "type": "city",
      "address": {
        "city": "Győr",
        "county": "Győr-Moson-Sopron",
        "region": "Transdanubia",
        "country": "Hungary",
        "country_code": "hu"
      }
    },
    {
      "boundingbox": [
        "46.7699196",
        "47.0012539",
        "19.5068013",
        "19.8517741"
      ],
      "lat": "46.9080769",
      "lon": "19.6928133",
      "display_name": "Kecskemét, Kecskeméti járás, Bács-Kiskun, Southern Great Plain, Great Plain and North, Hungary",
      "type": "city",
      "address": {
        "city": "Kecskemét",
        "county": "Bács-Kiskun",
        "region": "Great Plain and North",
        "country": "Hungary",
        "country_code": "hu"
      }
    },
    {
      "boundingbox": [
        "48.0235629",
        "48.1549192",
        "20.4816773",
        "20.869835"
      ],
      "lat": "48.1031517",
      "lon": "20.7902158",
      "display_name": "Miskolc, Miskolci járás, Borsod-Abaúj-Zemplén, Northern Hungary, Great Plain and North, Hungary",
      "type": "city",
      "address": {
        "city": "Miskolc",
        "county": "Borsod-Abaúj-Zemplén",
        "region": "Great Plain and North",
        "country": "Hungary",
        "country_code": "hu"
      }
    },
    {
      "boundingbox": [
        "47.8456593",
        "48.0398454",
        "21.5575186",
        "21.8437943"
      ],
      "lat": "47.9557802",
      "lon": "21.7167982",
      "display_name": "Nyíregyháza, Nyíregyházi járás, Szabolcs-Szatmár-Bereg, Northern Great Plain, Great Plain and North, Hungary",
      "type": "city",
      "address": {
        "city": "Nyíregyháza",
        "county": "Szabolcs-Szatmár-Bereg",
        "region": "Great Plain and North",
        "country": "Hungary",
        "country_code": "hu"
      }
    },
    {
      "boundingbox": [
        "45.9941226",
        "46.1616082",
        "18.136165",
        "18.3660004"
      ],
      "lat": "46.0762962",
      "lon": "18.228147",
      "display_name": "Pécs, Pécsi járás, Baranya, Southern Transdanubia, Transdanubia, Hungary",
      "type": "city",
      "address": {
        "city": "Pécs",
        "county": "Baranya",
        "region": "Transdanubia",
        "country": "Hungary",
        "country_code": "hu"
      }
    },
    {
      "boundingbox": [
        "46.1158522",
        "46.403952",
        "19.9724302",
        "20.3085507"
      ],
      "lat": "46.2546312",
      "lon": "20.1486016",
      "display_name": "Szeged, Szegedi járás, Csongrád, Southern Great Plain, Great Plain and North, Hungary",
      "type": "city",
      "address": {
        "city": "Szeged",
        "county": "Csongrád",
        "region": "Great Plain and North",
        "country": "Hungary",
        "country_code": "hu"
      }
    },
    {
      "boundingbox": [
        "47.1080255",
        "47.2814844",
        "18.3288534",
        "18.5541154"
      ],
      "lat": "47.1910169",
      "lon": "18.410811",
      "display_name": "Székesfehérvár, Székesfehérvári járás, Fejér, Central Transdanubia, Transdanubia, Hungary",
      "type": "city",
      "address": {
        "city": "Székesfehérvár",
        "county": "Fejér",
        "region": "Transdanubia",
        "country": "Hungary",
        "country_code": "hu"
      }
    }
  ],
  "Moldova": [
    {
      "boundingbox": [
        "46.8993937",
        "46.9393937",
        "28.8158784",
        "28.8558784"
      ],
      "lat": "46.9193937",
      "lon": "28.8358784",
      "display_name": "Brăila, Municipiul Chișinău, Moldova",
      "type": "village",
      "address": {
        "city": "Brăila",
        "county": "Municipiul Chișinău",
        "country": "Moldova",
        "country_code": "md"
      }
    }
  ],
  "Romania": [
    {
      "boundingbox": [
        "46.0287385",
        "46.1087385",
        "23.5304398",
        "23.6104398"
      ],
      "lat": "46.0687385",
      "lon": "23.5704398",
      "display_name": "Alba Iulia, Alba, Romania",
      "type": "town",
      "address": {
        "town": "Alba Iulia",
        "city": "Alba Iulia",
        "county": "Alba",
        "country": "Romania",
        "country_code": "ro"
      }
    },
    {
      "boundingbox": [
        "46.1293",
        "46.2221888",
        "21.2634813",
        "21.3693432"
      ],
      "lat": "46.1753793",
      "lon": "21.3196342",
      "display_name": "Arad, Romania",
      "type": "city",
      "address": {
        "city": "Arad",
        "county": "Arad",
        "country": "Romania",
        "country_code": "ro"
      }
    },
    {
      "boundingbox": [
        "46.3960493",
        "46.7160493",
        "26.7553557",
        "27.0753557"
      ],
      "lat": "46.5560493",
      "lon": "26.9153557",
      "display_name": "Bacău, Romania",
      "type": "city",
      "address": {
        "city": "Bacău",
        "county": "Bacău",
        "country": "Romania",
        "country_code": "ro"
      }
    },
    {
      "boundingbox": [
        "44.2761414",
        "44.5961414",
        "25.9427202",
        "26.2627202"
      ],
      "lat": "44.4361414",
      "lon": "26.1027202",
      "display_name": "Bucharest, Sector 2, Bucharest, Romania",
      "type": "city",
      "address": {
        "city": "Bucharest",
        "state_district": "Sector 2",
        "country": "Romania",
        "country_code": "ro"
      }
    },
    {
      "boundingbox": [
        "46.6093367",
        "46.9293367",
        "23.4300604",
        "23.7500604"
      ],
      "lat": "46.7693367",
      "lon": "23.5900604",
      "display_name": "Cluj-Napoca, Cluj, Romania",
      "type": "city",
      "address": {
        "city": "Cluj-Napoca",
        "county": "Cluj",
        "country": "Romania",
        "country_code": "ro"
      }
    },
    {
      "boundingbox": [
        "44.1590159",
        "44.4790159",
        "23.6365614",
        "23.9565614"
      ],
      "lat": "44.3190159",
      "lon": "23.7965614",
      "display_name": "Craiova, Dolj, Romania",
      "type": "city",
      "address": {
        "city": "Craiova",
        "county": "Dolj",
        "country": "Romania",
        "country_code": "ro"
      }
    },
    {
      "boundingbox": [
        "44.0360915",
        "44.3560915",
        "27.1711999",
        "27.4911999"
      ],
      "lat": "44.1960915",
      "lon": "27.3311999",
      "display_name": "Calarasi, Călărași, Romania",
      "type": "city",
      "address": {
        "city": "Călărași",
        "county": "Călărași",
        "country": "Romania",
        "country_code": "ro"
      }
    },
    {
      "boundingbox": [
        "43.8558613",
        "43.9358613",
        "25.9258299",
        "26.0058299"
      ],
      "lat": "43.8958613",
      "lon": "25.9658299",
      "display_name": "Giurgiu, Romania",
      "type": "town",
      "address": {
        "town": "Giurgiu",
        "city": "Giurgiu",
        "county": "Giurgiu",
        "country": "Romania",
        "country_code": "ro"
      }
    },
    {
      "boundingbox": [
        "46.8969272",
        "47.2169272",
        "21.7726054",
        "22.0926054"
      ],
      "lat": "47.0569272",
      "lon": "21.9326054",
      "display_name": "Oradea, Bihor, Romania",
      "type": "city",
      "address": {
        "city": "Oradea",
        "county": "Bihor",
        "country": "Romania",
        "country_code": "ro"
      }
    },
    {
      "boundingbox": [
        "46.7719894",
        "47.0919894",
        "26.2095046",
        "26.5295046"
      ],
      "lat": "46.9319894",
      "lon": "26.3695046",
      "display_name": "Piatra Neamț, Neamț, Romania",
      "type": "city",
      "address": {
        "city": "Piatra Neamț",
        "county": "Neamț",
        "country": "Romania",
        "country_code": "ro"
      }
    },
    {
      "boundingbox": [
        "45.6373912",
        "45.9573912",
        "23.9919202",
        "24.3119202"
      ],
      "lat": "45.7973912",
      "lon": "24.1519202",
      "display_name": "Sibiu, 550000, Romania",
      "type": "city",
      "address": {
        "city": "Sibiu",
        "county": "Sibiu",
        "postcode": "550000",
        "country": "Romania",
        "country_code": "ro"
      }
    },
    {
      "boundingbox": [
        "45.5938355",
        "45.9138355",
        "21.0657474",
        "21.3857474"
      ],
      "lat": "45.7538355",
      "lon": "21.2257474",
      "display_name": "Timișoara, Timiș, Romania",
      "type": "city",
      "address": {
        "city": "Timișoara",
        "county": "Timiș",
        "country": "Romania",
        "country_code": "ro"
      }
    },
    {
      "boundingbox": [
        "46.3846244",
        "46.7046244",
        "24.4011947",
        "24.7211947"
      ],
      "lat": "46.5446244",
      "lon": "24.5611947",
      "display_name": "Târgu Mureș, Mureș, Romania",
      "type": "city",
      "address": {
        "city": "Târgu Mureș",
        "county": "Mureș",
        "country": "Romania",
        "country_code": "ro"
      }
    }
  ],
  "Slovakia": [
    {
      "boundingbox": [
        "48.5784028",
        "48.8984028",
        "18.9973494",
        "19.3173494"
      ],
      "lat": "48.7384028",
      "lon": "19.1573494",
      "display_name": "Banská Bystrica, Region of Banská Bystrica, Central Slovakia, Slovakia",
      "type": "city",
      "address": {
        "city": "Banská Bystrica",
        "state": "Region of Banská Bystrica",
        "country": "Slovakia",
        "country_code": "sk"
      }
    },
    {
      "boundingbox": [
        "48.0930224",
        "48.2256188",
        "17.0065223",
        "17.2400247"
      ],
      "lat": "48.1535383",
      "lon": "17.1096711",
      "display_name": "Bratislava, Region of Bratislava, Slovakia",
      "type": "city",
      "address": {
        "city": "Bratislava",
        "county": "Bratislava",
        "state": "Region of Bratislava",
        "country": "Slovakia",
        "country_code": "sk"
      }
    },
    {
      "boundingbox": [
        "48.8495976",
        "48.9472334",
        "17.9499657",
        "18.1653242"
      ],
      "lat": "48.8983802",
      "lon": "18.0631436689728",
      "display_name": "Trenčín, District of Trenčín, Region of Trenčín, Western Slovakia, Slovakia",
      "type": "administrative",
      "address": {
        "city_district": "Trenčín",
        "city": "Trenčín",
        "state": "Region of Trenčín",
        "country": "Slovakia",
        "country_code": "sk"
      }
    },{
      "boundingbox": [
        "48.3185992",
        "48.4278428",
        "17.4874416",
        "17.659514"
      ],
      "lat": "48.37315815",
      "lon": "17.581375654043",
      "display_name": "Trnava, District of Trnava, Region of Trnava, Western Slovakia, Slovakia",
      "type": "administrative",
      "address": {
        "city_district": "District of Trnava",
        "city": "Trnava",
        "state": "Region of Trnava",
        "country": "Slovakia",
        "country_code": "sk"
      }
    },
    {
      "boundingbox": [
        "48.5572272",
        "48.8772272",
        "21.0896774",
        "21.4096774"
      ],
      "lat": "48.7172272",
      "lon": "21.2496774",
      "display_name": "Košice, Region of Košice, Eastern Slovakia, Slovakia",
      "type": "city",
      "address": {
        "city": "Košice",
        "county": "Košice",
        "state": "Region of Košice",
        "country": "Slovakia",
        "country_code": "sk"
      }
    },
    {
      "boundingbox": [
        "48.15295",
        "48.47295",
        "17.9294593",
        "18.2494593"
      ],
      "lat": "48.31295",
      "lon": "18.0894593",
      "display_name": "Nitra, Region of Nitra, Western Slovakia, Slovakia",
      "type": "city",
      "address": {
        "city": "Nitra",
        "state": "Region of Nitra",
        "country": "Slovakia",
        "country_code": "sk"
      }
    },
    {
      "boundingbox": [
        "48.837631",
        "49.157631",
        "21.0801873",
        "21.4001873"
      ],
      "lat": "48.997631",
      "lon": "21.2401873",
      "display_name": "Prešov, Region of Prešov, Eastern Slovakia, Slovakia",
      "type": "city",
      "address": {
        "city": "Prešov",
        "state": "Region of Prešov",
        "country": "Slovakia",
        "country_code": "sk"
      }
    },
    {
      "boundingbox": [
        "49.0634674",
        "49.3834674",
        "18.5793139",
        "18.8993139"
      ],
      "lat": "49.2234674",
      "lon": "18.7393139",
      "display_name": "Žilina, Region of Žilina, Central Slovakia, Slovakia",
      "type": "city",
      "address": {
        "city": "Žilina",
        "state": "Region of Žilina",
        "country": "Slovakia",
        "country_code": "sk"
      }
    }
  ],
  "Slovenia": [
    {
      "boundingbox": [
        "45.9740637",
        "46.1459968",
        "14.408617",
        "14.755332"
      ],
      "lat": "46.049865",
      "lon": "14.5068921",
      "display_name": "Ljubljana, Upravna Enota Ljubljana, Osrednjeslovenska, Slovenia",
      "type": "city",
      "address": {
        "city": "Ljubljana",
        "county": "Upravna Enota Ljubljana",
        "state_district": "Osrednjeslovenska",
        "country": "Slovenia",
        "country_code": "si"
      }
    }
  ]
}